entity_type,id,name,slug,main_category,secondary_categories,short_description,full_description,city,country,address,latitude,longitude,google_maps_url,instagram_url,facebook_url,website_url,whatsapp,phone,opening_hours,payment_methods,parking_info,has_air_conditioning,has_restroom,sells_wholesale,ships_to_brazil,warranty_info,recommended_products,brands,tags,frontier_score,price_score,trust_score,variety_score,service_score,warranty_score,location_score,parking_score,wholesale_score,review_summary,frontier_note,is_featured,is_partner,is_premium,status,last_verified_at
stores,store-shopping-china,Shopping China,shopping-china,tecnologia,"perfumes,moda,casa,gastronomia,games,automotivo,estacionamento","Loja de Departamentos listada no Compras Paraguai, com ficha automatizada para revisão editorial do Frontier Atlas.","A Shopping China é uma empresa familiar, fundada em 1933, na cidade de Pedro Juan Caballero - Paraguai. Atualmente possui mais de 1.800 funcionários em 4 filiais e ao longo de sua história também se expandiu para países como o Uruguai e a Bolívia. A empresa se tornou referência de excelência no mercado de produtos importados e se orgulha de oferecer produtos de alta qualidade.",Ciudad del Este,Paraguai,Shopping China - Ciudad del Este,-25.515006270714938,-54.60618728763379,"https://maps.google.com/?q=-25.515006270714938,-54.60618728763379",https://www.instagram.com/shoppingchinaimportados/?hl=pt-br,https://www.facebook.com/shoppingchinaimportados,https://www.shoppingchina.com.br/,595981920902,0615977000,De Segunda a Domingo das 07:00 - 20:00,Cartão,Compras Paraguai indica disponibilidade de estacionamento; validar detalhes no local.,to_verify,TRUE,to_verify,to_verify,"A Garantia para os produtos do Shopping China Importados é de 30 dias a partir da data de compra que consta na sua Nota Fiscal, em caso de qualquer inconveniente dentro desses 30 dias com o produto adquirido em nossas lojas, o cliente, além de apresentar sua Nota / Fatura Fiscal Original da Compra (ticket), assim também o produto não deve conter riscos, sinais de quebra ou uso indevido, selo de garantia e número de série não cumpridos, e tentativas de atualização de Software e Firmware, ou seja, o produto deve estar em perfeitas condições e com todos os manuais e acessórios na embalagem original. | https://compras.shoppingchina.com.py/garantia","Alimentos,Bebidas,Suplemento Alimentar,Som e Video Automotivo,Central Multimídia,Ar Condicionado,Eletrodomésticos,Eletrônicos",,"compras-paraguai,perfumes,moda,casa,gastronomia,games,automotivo,estacionamento,premium-listing,restaurante,bebedouro,banheiro,possui-internet-no-local,aceita-cartao",,,,,,,,,,"25990 avaliações visíveis no Compras Paraguai, aprovação visual de 90%.","Importado automaticamente do Compras Paraguai em 2026-06-28. Revisar contato, política comercial e consistência editorial antes de publicar.",TRUE,FALSE,FALSE,draft,2026-06-28T22:04:40.167Z
stores,store-visaovip,Visãovip,visaovip,tecnologia,,"Loja de Informática listada no Compras Paraguai, com ficha automatizada para revisão editorial do Frontier Atlas.","Fundada em 2008 por profissionais com mais de 25 anos de experiência no mercado paraguaio, a Visãovip Informática, localizada em Ciudad del Este – Paraguai, é referência na venda de produtos de informática, hardware, periféricos e acessórios de tecnologia. Nosso sucesso vem de uma empresa obcecada por qualidade no atendimento, variedade de produtos, rapidez na entrega, garantia exclusiva e respeito ao consumidor.

Atendemos clientes, empresas e gamers, oferecendo soluções confiáveis e a melhor experiência de compra em informática no Paraguai.

Para quem busca especialistas em informática em Ciudad del Este, a escolha certa é VisãoVip!",Ciudad del Este,Paraguai,Shopping Lai Lai Center - 4° andar - Ciudad del Este,-25.510634,-54.609314,"https://maps.google.com/?q=-25.510634,-54.609314",https://www.instagram.com/visaovipinformatica/,https://www.facebook.com/visaovipinformatica/,http://www.visaovip.com/,595972501748,+59561501748,De Segunda a Sexta das 07:00 - 16:00 | Sábado das 07:00 - 15:00,Cartão,to_verify,to_verify,TRUE,to_verify,to_verify,"A VisãoVip Informática trabalha com transparência, qualidade e autenticidade em todas as compras realizadas por nossos clientes. Todos os nossos produtos contam com garantia direta em nossa loja, oferecendo segurança, confiabilidade e tranquilidade na sua compra.

Além disso, alguns produtos também contam com suporte direto das marcas oficiais, garantindo ainda mais confiança e respaldo para quem escolhe a Visãovip.

Para mais informações e detalhes, acesse nosso site: www.visaovip.com | https://www.visaovip.com/garantia","Informática,Memória RAM,Placa de Video,Placa Mãe,Fone de Ouvido / Headset,Mouse,Computador,Monitor",,"compras-paraguai,premium-listing,bebedouro,banheiro,possui-internet-no-local,aceita-cartao,aceita-pix",,,,,,,,,,"1243 avaliações visíveis no Compras Paraguai, aprovação visual de 94%.","Importado automaticamente do Compras Paraguai em 2026-06-28. Revisar contato, política comercial e consistência editorial antes de publicar.",TRUE,FALSE,FALSE,draft,2026-06-28T22:04:40.167Z
stores,store-cellshop,Cellshop,cellshop,tecnologia,"perfumes,moda,games,casa,automotivo,gastronomia,estacionamento","Loja de Departamentos listada no Compras Paraguai, com ficha automatizada para revisão editorial do Frontier Atlas.","A Cellshop Importados Paraguay, em Ciudad del Este, é uma loja de 5 andares com mais de 7.000 metros quadrados e 10 departamentos, tais como: eletrônicos, perfumaria e cosméticos, bebidas e alimentos, sex shop, moda casual e acessórios, esportes, suplementos e vitaminas, moda infantil e brinquedos, bem como pesca, camping e aventura. Reconhecida por oferecer produtos de qualidade e pelo atendimento especializado, a Cellshop é uma das lojas mais visitadas da fronteira. Além de oferecer diversas formas de pagamento, como Pix e parcelamento no cartão de crédito brasileiro.",Ciudad del Este,Paraguai,Shopping Ibiza - Térreo - Ciudad del Este,-25.510349,-54.610702,"https://maps.google.com/?q=-25.510349,-54.610702",https://www.instagram.com/cellshop.oficial,https://www.facebook.com/cellshop.py,http://www.cellshop.com/labs/lista/arquivo/listagem_precos.txt,595994193150,+59561501474,De Segunda a Sexta das 06:30 - 17:00 | Sábado das 06:00 - 16:30 | Domingo das 08:00 - 14:00,Cartão,Compras Paraguai indica disponibilidade de estacionamento; validar detalhes no local.,to_verify,TRUE,to_verify,to_verify,http://www.cellshop.com/v2/br/content/14-garantia,"Alimentos,Bebidas,Suplemento Alimentar,Central Multimídia,Eletrônicos,TV,Celular,Caixa de Som",,"compras-paraguai,perfumes,moda,games,casa,automotivo,gastronomia,estacionamento,premium-listing,bebedouro,banheiro,possui-internet-no-local,faz-vendas-online,aceita-cartao",,,,,,,,,,"20223 avaliações visíveis no Compras Paraguai, aprovação visual de 90%.","Importado automaticamente do Compras Paraguai em 2026-06-28. Revisar contato, política comercial e consistência editorial antes de publicar.",TRUE,FALSE,FALSE,draft,2026-06-28T22:04:40.167Z
stores,store-mobile-zone,Mobile Zone,mobile-zone,tecnologia,"games,moda","Loja de Celulares listada no Compras Paraguai, com ficha automatizada para revisão editorial do Frontier Atlas.","A Mobile Zone International Import Export SRL é uma empresa paraguaia com 12 anos de experiência e excelência, dedicada à importação, exportação e venda de telefones móveis e eletrônicos em geral, oferecendo aos nossos clientes preços competitivos e um serviço personalizado na área de vendas, consultoria pessoal a fim de proporcionar a melhor satisfação e experiência. Também temos o departamento técnico e pessoal, certificado com ampla experiência em soluções técnicas.",Ciudad del Este,Paraguai,Galeria Jebai Center - loja Sala 2202 - Ciudad del Este,-25.50995,-54.61,"https://maps.google.com/?q=-25.50995,-54.61",https://www.instagram.com/mobilezonepy/,https://www.facebook.com/mobilezonepy,http://mobilezone.com.br/lista,595994195710,+59561511041,De Segunda a Sábado das 06:00 - 16:00,,to_verify,to_verify,to_verify,to_verify,to_verify,,"Eletrônicos,GPS,TV,Celular,Caixa de Som,Receptor,Câmera Digital,Filmadora",,"compras-paraguai,games,moda,premium-listing",,,,,,,,,,"367 avaliações visíveis no Compras Paraguai, aprovação visual de 88%.","Importado automaticamente do Compras Paraguai em 2026-06-28. Revisar contato, política comercial e consistência editorial antes de publicar.",TRUE,FALSE,FALSE,draft,2026-06-28T22:04:40.167Z
stores,store-elegancia-company,Elegancia Company,elegancia-company,perfumes,,"Loja de Perfumes, Beleza e Bolsas listada no Compras Paraguai, com ficha automatizada para revisão editorial do Frontier Atlas.","Com uma década completa de história, a Elegancia Company é especializada em produtos que inspiram a beleza. Localizada em Ciudad del Este - Paraguai, conta com vários andares de loja em um único local, unificado, para maior comodidade dos seus clientes. Preparadas para atender tanto ao público varejista, quanto ao atacadista, a Elegancia Company se estabeleceu como uma loja que inspira a beleza na Região Trinacional.

A Elegancia Company possui um diferenciado mix de produtos nos setores de perfumaria, cosméticos e maquiagem. Com políticas de vendas firmemente atreladas aos valores da ética e da responsabilidade junto aos seus clientes e amigos, a empresa oferece atendimento diferenciado, através de uma equipe preparada, preço justo e completa infraestrutura.

Sempre atenta às tendências do mercado, a Elegancia Company tornou-se referência no que diz respeito à qualidade e beleza. A empresa possui um vasto catálogo de produtos, trabalhando com marcas de renome mundial e com garantia de procedência.

Ciente de seu papel social, a Elegancia Company ainda se preocupa com a comunidade, realizando ações não somente no Paraguai - onde está sua estrutura física, como também no Brasil - país onde reside a maioria de seus clientes. O 'Elegancia em Ação' é exemplo disso: lançado em outubro de 2014, o projeto é realizado junto a ONGS e instituições sociais de Foz do Iguaçu e Ciudad del Este, promovendo um dia de atividades sociais, culturais e esportivas para crianças da região.",Ciudad del Este,Paraguai,Edifício Victoria - Térreo - Ciudad del Este,-25.51101,-54.611452,"https://maps.google.com/?q=-25.51101,-54.611452",https://www.instagram.com/eleganciacompany/,https://www.instagram.com/eleganciacompany/,http://www.eleganciacompany.com/,595972588700,,De Segunda a Sexta das 06:30 - 16:00 | Sábado das 06:00 - 15:00,Cartão,to_verify,to_verify,TRUE,to_verify,to_verify,"A Elegancia Company trabalha apenas com produtos originais e de qualidade, logo, ofereceo respaldo necessário a seus consumidores.

Na empresa o sistema de troca funciona da seguinte forma:

A troca será feita apenas mediante a apresentação da nota de retirada obrigatória, em umprazo de até 15 dias.

A empresa não realizará a troca de produtos que apresentem os seguintes defeitos:- vaporizador quebrado;- menos de 80% do produto;- frasco quebrado;- produtos sem embalagem original ou com caixa em más condições;- produtos sem o celofane e sem o selo de procedência Elegancia Company;- produto com lote adulterado;- Falta de fixação;Ainda sobre as políticas de troca de mercadoria:- O contato com o vendedor ou responsável para a troca deve ser feito em até 15 dias apósa compra do produto. Passado este prazo, o consumidor perde seu direito de requisitar asubstituição do item;- É necessário apresentar a nota de retirada de mercadoria e celofane com o selo deprocedência Elegancia Company, para a realização de eventuais trocas de produtos eoutros tipos de assistência prestados pela empresa (as notas são todas digitalizadas comRUC da empresa);- A Elegancia Company não realiza devoluções em dinheiro;- Produtos adquiridos nas promoções como Beauty Friday, em setores de liquidaçãoou na Outlet não dão direito a troca. É de interesse total do cliente que verifique o produtoantes ou na hora de retirá-lo do pacote, realizando assim a troca imediatamente.Para trocar itens adquiridos é preciso, portanto, que o objeto esteja em perfeito estado deconservação, como quando saiu da loja e com a embalagem bem preservada.É de total responsabilidade do consumidor conferir sua mercadoria e nota fiscal no pacote.A empresa não se responsabiliza por eventuais contratempos com os itens adquiridos apósretirados da loja.

Para o contato online para troca de produtos é necessário enviar fotos da(s) nota(s) decompra e do(s) produto(s) via inbox na página oficial da Elegancia Company no Facebook.

O setor de SAC da Elegancia Company localiza-se no 2º piso do Edifício Victoria, ondeestão situadas TODAS as lojas oficiais da empresa, que unificou seus espaços em 2018.","Cosmético,Perfume,Maquiagem",,"compras-paraguai,premium-listing,bebedouro,banheiro,possui-internet-no-local,aceita-cartao,aceita-pix",,,,,,,,,,"813 avaliações visíveis no Compras Paraguai, aprovação visual de 84%.","Importado automaticamente do Compras Paraguai em 2026-06-28. Revisar contato, política comercial e consistência editorial antes de publicar.",TRUE,FALSE,FALSE,draft,2026-06-28T22:04:40.167Z
stores,store-atacado-connect,Atacado Connect,atacado-connect,tecnologia,games,"Loja de Video Games listada no Compras Paraguai, com ficha automatizada para revisão editorial do Frontier Atlas.","A Atacado Games está localizada em Cidade do Leste (Paraguai), desde 1995, e é uma loja especialista em venda de equipamentos de informática, games e produtos em geral. Atualmente, nosso estoque conta com mais de 13 mil produtos de quase 400 marcas diferentes, que vão desde pilhas para controle remoto até computadores de última geração. Somos distribuidor oficial de várias marcas importantes, como Redragon, Nintendo, Razer, Patriot, Corsair, Colorful, Goline, Afox, entre outras.",Ciudad del Este,Paraguai,Galeria Jebai Center - 3° andar - Ciudad del Este,-25.51077,-54.610112,"https://maps.google.com/?q=-25.51077,-54.610112",https://www.instagram.com/atkdconnect/,https://www.facebook.com/ATKDOCONNECT,https://www.atacadogames.com/lista-preco,595983147295,+595983624886,De Segunda a Sexta das 06:00 - 16:00 | Sábado das 05:30 - 15:30,Cartão,to_verify,to_verify,to_verify,TRUE,to_verify,https://www.atacadogames.com/garantia,"Eletrônicos,TV,Celular,Caixa de Som,Receptor,Videogame,Games,Informática",,"compras-paraguai,games,premium-listing,bebedouro,possui-internet-no-local,aceita-cartao",,,,,,,,,,"6073 avaliações visíveis no Compras Paraguai, aprovação visual de 92%.","Importado automaticamente do Compras Paraguai em 2026-06-28. Revisar contato, política comercial e consistência editorial antes de publicar.",TRUE,FALSE,FALSE,draft,2026-06-28T22:04:40.167Z
stores,store-flytec-computers,Flytec Computers,flytec-computers,tecnologia,,"Loja de Informática listada no Compras Paraguai, com ficha automatizada para revisão editorial do Frontier Atlas.","A FLYTEC COMPUTERS é uma companhia de wireless Technologies e informática, que atua no mercado de Ciudad del Este, disponibilizando aos clientes produtos das melhores marcas, os melhores preços, garantias e amplo espaço para entregas.Desde 1995, a Flytec Computers tem-se mostrado uma empresa segura e competente.Desde o inicio sua principal preocupação foi montar uma empresa sólida, calçada na seriedade e profissionalismo de atuação no mercado. Este foi o elemento preponderante para estabilidade da empresa no mercado e destaque na área de wireless.",Ciudad del Este,Paraguai,Shopping Lai Lai Center - 2° andar - loja Sala 212 - Ciudad del Este,-25.510628,-54.609146,"https://maps.google.com/?q=-25.510628,-54.609146",https://www.instagram.com/flyteccomputers/,https://www.facebook.com/Flytec-Computers-156795911111554/,http://www.flytec.com.py/listapreco/html.php,595975852894,,,,to_verify,to_verify,to_verify,to_verify,to_verify,http://www.flytec.com.py/garantia,Informática,,"compras-paraguai,premium-listing",,,,,,,,,,"242 avaliações visíveis no Compras Paraguai, aprovação visual de 88%.","Importado automaticamente do Compras Paraguai em 2026-06-28. Revisar contato, política comercial e consistência editorial antes de publicar.",TRUE,FALSE,FALSE,draft,2026-06-28T22:04:40.167Z
stores,store-la-petisquera,La Petisquera,la-petisquera,moda,"perfumes,tecnologia,casa,gastronomia","Loja de Departamentos listada no Compras Paraguai, com ficha automatizada para revisão editorial do Frontier Atlas.","Em 1970, sem saber o que se tornaria um dos pioneiros no mercado para importados e pensar sobre a prosperidade da região, os fundadores criaram a base do grupo, criando a Petisquera SRL, a fim de oferecer produtos premium importadas, Com Qualidade e Proveniência aos seus clientes.

Desde então, até hoje, La Petisquera é uma referência para todos os compradores que chegam à Ciudad del Este.

O grande crescimento da região fez com que o grupo fizesse novas modalidades para possibilitar um melhor atendimento ao mercado. Para isso, a importadora Mannah SRL foi criada em 1989, importando os produtos diretamente de seu país de origem. Desde a sua criação até hoje, a empresa oferece, como representante e importador, produtos de marcas reconhecidas em todo o mundo.",Ciudad del Este,Paraguai,Shopping Del Este - loja 20 - Ciudad del Este,-25.509983,-54.605387,"https://maps.google.com/?q=-25.509983,-54.605387",https://www.instagram.com/lapetisquera/,https://www.facebook.com/LaPetisquera/,https://lapetisquera.com.py/,595974567001,59561500886,De Segunda a Sábado das 08:00 - 18:00 | Domingo das 08:00 - 17:00,Cartão,to_verify,to_verify,TRUE,to_verify,to_verify,,"Alimentos,Bebidas,Tabacaria,Cosmético,Perfume,Roupas,Óculos,Relógio",,"compras-paraguai,perfumes,tecnologia,casa,gastronomia,premium-listing,bebedouro,banheiro,possui-internet-no-local,aceita-cartao,aberto-aos-domingos,cafe",,,,,,,,,,"947 avaliações visíveis no Compras Paraguai, aprovação visual de 88%.","Importado automaticamente do Compras Paraguai em 2026-06-28. Revisar contato, política comercial e consistência editorial antes de publicar.",TRUE,FALSE,FALSE,draft,2026-06-28T22:04:40.167Z
stores,store-multipass,MultiPass,multipass,tecnologia,"perfumes,moda","Loja de Eletrônicos listada no Compras Paraguai, com ficha automatizada para revisão editorial do Frontier Atlas.","MultiPass aparece no Compras Paraguai com categorias, contatos e dados operacionais que ainda devem passar por curadoria do Frontier Atlas.",Ciudad del Este,Paraguai,Av. Monseñor Rodriguez 1022 - Ciudad del Este,-25.510094,-54.60754,"https://maps.google.com/?q=-25.510094,-54.60754",,,https://multipass.com.py/,595993275128,,,,to_verify,to_verify,to_verify,to_verify,to_verify,,"Suplemento Alimentar,Celular,Caixa de Som,Receptor,Fone de Ouvido / Headset,Cosmético,Perfume,Shampoo e Condicionador",,"compras-paraguai,perfumes,moda,premium-listing,bebedouro,possui-internet-no-local",,,,,,,,,,"138 avaliações visíveis no Compras Paraguai, aprovação visual de 88%.","Importado automaticamente do Compras Paraguai em 2026-06-28. Revisar contato, política comercial e consistência editorial antes de publicar.",TRUE,FALSE,FALSE,draft,2026-06-28T22:04:40.167Z
stores,store-star-company,Star Company,star-company,tecnologia,,"Loja de Eletrônicos listada no Compras Paraguai, com ficha automatizada para revisão editorial do Frontier Atlas.","Star Company aparece no Compras Paraguai com categorias, contatos e dados operacionais que ainda devem passar por curadoria do Frontier Atlas.",Ciudad del Este,Paraguai,Galeria Jebai Center - 1° andar - loja LOJA 2017 - Ciudad del Este,-25.510803,-54.609978,"https://maps.google.com/?q=-25.510803,-54.609978",https://www.instagram.com/starcompanypy.oficial/,,https://www.starcompany-py.com/,595994365874,+595991959017,De Segunda a Sexta das 07:30 - 16:30 | Sábado das 07:30 - 15:00,,to_verify,to_verify,TRUE,to_verify,to_verify,,,,"compras-paraguai,premium-listing,bebedouro,banheiro,possui-internet-no-local,faz-vendas-online,cafe,aceita-pix",,,,,,,,,,"374 avaliações visíveis no Compras Paraguai, aprovação visual de 88%.","Importado automaticamente do Compras Paraguai em 2026-06-28. Revisar contato, política comercial e consistência editorial antes de publicar.",TRUE,FALSE,FALSE,draft,2026-06-28T22:04:40.167Z
stores,store-nissei,Nissei,nissei,tecnologia,"casa,games,perfumes,moda,estacionamento","Loja de Eletrônicos listada no Compras Paraguai, com ficha automatizada para revisão editorial do Frontier Atlas.","Com mais de 40 anos de presença no mercado, trabalhamos minuto a minuto para a satisfação dos nossos clientes é por isso que somos uma das maiores e mais respeitadas marcas da região. Oferecemos produtos das mais renomadas marcas do mundo, com a distribuição oficial de marca como Sony, Canon, Nikon, SanDisk, Casio y outras mais. Também.

Considerados referentes na região em categorias como celulares, fotografia, informática y videogames.",Ciudad del Este,Paraguai,Galeria Hijazi Center - Ciudad del Este,-25.511024,-54.609604,"https://maps.google.com/?q=-25.511024,-54.609604",https://www.instagram.com/nisseioficial/?hl=pt-br,https://es-la.facebook.com/nisseioficial/,https://nissei.com/br/,595994902000,,De Segunda a Sábado das 06:30 - 15:45,Cartão,Compras Paraguai indica disponibilidade de estacionamento; validar detalhes no local.,to_verify,to_verify,to_verify,to_verify,Garantia em todos os itens. | https://nissei.com/br/trocas-e-devolucoes,"Ar Condicionado,Eletrodomésticos,Eletrônicos,GPS,TV,Celular,Caixa de Som,Receptor",,"compras-paraguai,casa,games,perfumes,moda,estacionamento,bebedouro,possui-internet-no-local,faz-vendas-online,aceita-cartao,cafe",,,,,,,,,,"30318 avaliações visíveis no Compras Paraguai, aprovação visual de 98%.","Importado automaticamente do Compras Paraguai em 2026-06-28. Revisar contato, política comercial e consistência editorial antes de publicar.",FALSE,FALSE,FALSE,draft,2026-06-28T22:04:40.167Z
stores,store-new-zone,New Zone,new-zone,gastronomia,"tecnologia,perfumes,casa,estacionamento","Loja de Departamentos listada no Compras Paraguai, com ficha automatizada para revisão editorial do Frontier Atlas.","New Zone aparece no Compras Paraguai com categorias, contatos e dados operacionais que ainda devem passar por curadoria do Frontier Atlas.",Ciudad del Este,Paraguai,Shopping Del Este - 3° andar - Ciudad del Este,-25.509999,-54.605599,"https://maps.google.com/?q=-25.509999,-54.605599",https://www.instagram.com/p/DCrYu0nRTrl/,,https://www.newzone.com.py/,595994376439,,De Segunda a Sábado das 07:00 - 22:00 | Domingo das 08:00 - 21:00,Cartão,Compras Paraguai indica disponibilidade de estacionamento; validar detalhes no local.,to_verify,TRUE,to_verify,to_verify,,,,"compras-paraguai,tecnologia,perfumes,casa,estacionamento,restaurante,bebedouro,banheiro,possui-internet-no-local,aceita-cartao",,,,,,,,,,"1922 avaliações visíveis no Compras Paraguai, aprovação visual de 92%.","Importado automaticamente do Compras Paraguai em 2026-06-28. Revisar contato, política comercial e consistência editorial antes de publicar.",FALSE,FALSE,FALSE,draft,2026-06-28T22:04:40.167Z
stores,store-mega-eletronicos,Mega Eletrônicos,mega-eletronicos,tecnologia,"perfumes,casa,games,automotivo","Loja de Eletrônicos listada no Compras Paraguai, com ficha automatizada para revisão editorial do Frontier Atlas.","Situada no centro logístico da América Latina, a Mega Eletrônicos é a maior especialista em eletrônicos do Paraguai, sendo reconhecida como a melhor e mais respeitável loja desse segmento, tanto no varejo quanto no atacado.

Desde 1990, quando foi fundada, a Mega se destacou por oferecer bom atendimento e a garantia de vender produtos originais, além de manter uma carteira sempre atualizada com os últimos lançamentos do mercado.

A empresa é parte do ""Mega Grupo"", composto também pela Mega Eletro e duas Importadoras: Importadora Audi e Importadora Américas, que são responsáveis pela importação e representação de várias marcas que compõe nosso portfólio.",Ciudad del Este,Paraguai,Av. Monseñor Rodriguez esquina Itá Ybaté - Ciudad del Este,-25.509837,-54.608762,"https://maps.google.com/?q=-25.509837,-54.608762",https://www.instagram.com/megaeletronicosoficialpy,https://www.facebook.com/megaeletronicosoficialpy,http://www.megaeletronicos.com/,595973924466,,De Segunda a Sexta das 06:30 - 16:00 | Sábado das 06:00 - 15:00,Cartão,to_verify,to_verify,TRUE,to_verify,to_verify,"P: Os produtos vendidos na Mega têm garantia no Brasil?R: Nossos produtos possuem garantia de fábrica então varia de acordo com o produto e o fabricante. Qualquer defeito de fabricação é responsabilidade direta do fabricante do aparelho, que se compromete a fazer válida a política de garantia inclusa na caixa do aparelho através de um centro de Serviço Técnico Autorizado. Para facilitar contamos com um setor de RMA, que fica responsável de recepcionar itens comdefeito de fabricação ou necessidade de reparos e encaminhando-os diretamente para seus respectivos Centros de Assistência Técnica.

P: Meu aparelho não funciona, o que devo fazer?R: Recomendamos entrar em contato com o fabricante para receber instruções sobre garantia e assistência. Outra opção é buscar atendimento em nosso setor de RMA, aqui na loja em Ciudad del Este, para obter mais informações sobre suporte ao aparelho.

P: Não posso ir até o Departamento de RMA da Mega. Como devo proceder?R1: Recomendamos entrar em contato direto com o fabricante para receber instruções sobre garantia e assistência. Você pode encaminhar seu produto diretamente ao Centro de Serviço Autorizado da marca, ficando sujeito à análise e política interna de cada rede autorizada.

R2: Também é possível esclarecer dúvidas e receber orientações através de nossos canais de atendimento RMA:• E-mail: [email protected]• Celular/ WhatsApp: +595 973 675 400• Fixo: +595 61 500 268 / 501 810 (Ramal 502, 505)","Automotivo,Casa & Construção,Eletrônicos,Celular,Receptor,Fotografia,Games,Informática",,"compras-paraguai,perfumes,casa,games,automotivo,bebedouro,banheiro,possui-internet-no-local,faz-vendas-online,aceita-cartao,cafe",,,,,,,,,,"11842 avaliações visíveis no Compras Paraguai, aprovação visual de 90%.","Importado automaticamente do Compras Paraguai em 2026-06-28. Revisar contato, política comercial e consistência editorial antes de publicar.",FALSE,FALSE,FALSE,draft,2026-06-28T22:04:40.167Z
stores,store-intershop-importados,Intershop Importados,intershop-importados,tecnologia,"moda,perfumes,casa,games,automotivo,gastronomia,estacionamento","Loja de Departamentos listada no Compras Paraguai, com ficha automatizada para revisão editorial do Frontier Atlas.","Quando o Grupo Nassar chegou na Fronteira com Brasil e Argentina, na década dos anos 80, seus primeiros passos foram voltados ao mercado de Gastronomia e posteriormente com o crescimento da região, o número alto de visitantes ele trocou totalmente de segmento, optando por eletrônicos.Nos anos 90, o fundador do Grupo Sr. Mohamad Nassar, começou seu trabalho com importação, trazendo uma linha de rádios para automóveis, entre outros eletrônicos.Graças a seu êxito, ele se tornou o maior distribuidor exclusivo de várias marcas internacionais. Tal estratégia fez com que o Grupo Nassar não só adquirisse o respeito das grandes e exigentes marcas e seus clientes, mas conquistar a liderança nesse mercado. Assim, continuando sua expansão, o Grupo inaugurou sua sede na EUA /Miami no ano 1997 quando também lançaram suas próprias marcas para sua rede de lojas. Com base em novos empreendimentos, investiu fortemente na área imobiliária como estacionamentos, edifícios comerciais, edifícios residenciais e também Shopping Centers. Hoje, proprietário dos principais centros comerciais da região com o maior número de visitas e, principalmente, de vendas. O Grupo Nassar continua a sua diversificação e desenvolvimento dentro desta tão conhecida tríplice fronteira.",Ciudad del Este,Paraguai,Shopping DFS - Ciudad del Este,-25.510738,-54.608567,"https://maps.google.com/?q=-25.510738,-54.608567",https://www.instagram.com/intershopimportados/,https://www.facebook.com/Pioneerinter/,http://www.pioneerinter.com/lista-de-precos/txt,595984112739,+595984112739,De Segunda a Sábado das 07:30 - 16:00,Cartão,Compras Paraguai indica disponibilidade de estacionamento; validar detalhes no local.,to_verify,TRUE,to_verify,to_verify,"Receptores- Todas as Marcas: 3 Meses

Peças, touch e display para celulares- Todas as marcas: Sem garantia

Celulares / Tablets- Marcas Locais: 3 Meses

Celulares / TabletsMarcas Internacionais: 1 Mês

Celulares Nuu- Nuu Mobile: 2 anos

Linha Automotiva- Todas as Marcas: 3 Meses

Som AutomotivoTodas as Marcas: Sem garantia

Câmeras- Todas as Marcas: 3 Meses

TV / Home Theater- Todas as Marcas: 3 Meses

Drones- Todas as Marcas: 1 Mês

Peças e Baterias para Drones- Todas as Marcas: Sem garantia

Eletrodomésticos- Todas as Marcas: 3 Meses

HDs- Todas as Marcas: 1 Mês

Consoles- Todas as Marcas: 1 Mês

Encartelado- Todas as Marcas: Sem garantia

Ar condicionado- Todas as Marcas: 3 Meses

iPhone (Novo)- Apple: 1 ano (Garantia Internacional)

iPhone (Recondicionado)- Apple: 1 mês de assistência técnica

Todas as outras linhas- Apple; 1 ano (Garantia Internacional) | http://www.pioneerinter.com/garantia","Som e Video Automotivo,Central Multimídia,Ar Condicionado,Eletrodomésticos,Eletrônicos,TV,Celular,Caixa de Som",,"compras-paraguai,moda,perfumes,casa,games,automotivo,gastronomia,estacionamento,restaurante,bebedouro,banheiro,possui-internet-no-local,aceita-cartao",,,,,,,,,,"844 avaliações visíveis no Compras Paraguai, aprovação visual de 86%.","Importado automaticamente do Compras Paraguai em 2026-06-28. Revisar contato, política comercial e consistência editorial antes de publicar.",FALSE,FALSE,FALSE,draft,2026-06-28T22:04:40.167Z
stores,store-one-click,One Click,one-click,tecnologia,,"Loja de Eletrônicos listada no Compras Paraguai, com ficha automatizada para revisão editorial do Frontier Atlas.","A OneClick é uma nova loja, com um novo conceito, trabalhando com as principais marcas do mercado. São mais de 40 categorias no ramo de eletrônicos, celulares, tecnologia, fotografia e vídeo, cosméticos, entre outros.",Ciudad del Este,Paraguai,Galeria Jebai Center - 3° andar - Ciudad del Este,-25.510803,-54.609978,"https://maps.google.com/?q=-25.510803,-54.609978",,,https://oneclick.com.py/,595986777761,+595992924436,De Segunda a Sexta das 07:00 - 15:30 | Sábado das 07:00 - 12:00,,to_verify,to_verify,to_verify,to_verify,to_verify,/apple-iphone-13-128gb-tela-super-retina-xdr-61-cam-dupla-1212mp12mp-ios-blue-swap-grade-c-1-mes-garantia__4136303/,,,"compras-paraguai,bebedouro,possui-internet-no-local",,,,,,,,,,"563 avaliações visíveis no Compras Paraguai, aprovação visual de 98%.","Importado automaticamente do Compras Paraguai em 2026-06-28. Revisar contato, política comercial e consistência editorial antes de publicar.",FALSE,FALSE,FALSE,draft,2026-06-28T22:04:40.167Z
stores,store-madrid-center,Madrid Center,madrid-center,tecnologia,"casa,games,moda,automotivo,estacionamento","Loja de Eletrônicos listada no Compras Paraguai, com ficha automatizada para revisão editorial do Frontier Atlas.","A Madrid Center é a sua loja no Paraguai desde 1989. Uma das Maiores, Melhores e Mais completas Distribuidoras de Eletroeletrônicos do Paraguai, é hoje sinônimo de Qualidade, Solidez, Garantia, Conforto e Bem-estar. Se você quer realizar Compras no Paraguai, a Madrid Center é o seu destino certo.

Nossa empresa representa as principais marcas internacionais, onde o cliente encontra as mais famosas e renomadas do Mundo.

Alguns dos Produtos que a MADRID CENTER distribui englobam desde Tablets, notebooks, impressoras, televisores Led e LCD, celulares, câmaras digitais, filmadoras profissionais e semiprofissionais, projetores, satélites e todos os seus acessórios, modems, telefones sem fios, equipamentos de sons para carros, caminhões, câmeras para esportes radicais, relógios, Games, entre inúmeros outros, enfim são mais de 300 marcas presentes na MADRID CENTER.",Ciudad del Este,Paraguai,Galeria San Blás - Ciudad del Este,-25.508728,-54.609688,"https://maps.google.com/?q=-25.508728,-54.609688",https://www.instagram.com/madridpy/,https://www.facebook.com/madridcenterpy,https://www.madridcenter.com/lista-txt,595974314441,0059561500693,De Segunda a Sexta das 06:00 - 16:00 | Sábado das 05:00 - 15:00,Cartão,Compras Paraguai indica disponibilidade de estacionamento; validar detalhes no local.,to_verify,TRUE,to_verify,to_verify,"A Madrid Center disponibilizada uma equipe de mais de 20 funcionários treinados para o teste, verificação e checagem de todos os produtos retirados, além do mais a Madrid Center disponibiliza inúmeras facilidades para que o cliente possa levar os seus produtos devidamente protegidos com bolhas e adesivos.

É de lesa importância o teste, a verificação e a conferência de todos os produtos adquiridos pelo Cliente, para evitar quaisquer possíveis inconveniências posteriores, pois em sua esmagadora maioria, são produtos importados onde parte das marcas possuem representação legal e outras não, além do mais, o transporte e o armazenamento e o acondicionamento das mercadorias podem afetar o seu estado físico como o seu funcionamento. | https://www.madridcenter.com/madrid-center/garantias.html","Central Multimídia,Ar Condicionado,Eletrônicos,TV,Celular,Caixa de Som,Receptor,Câmera Digital",,"compras-paraguai,casa,games,moda,automotivo,estacionamento,bebedouro,banheiro,possui-internet-no-local,faz-vendas-online,aceita-cartao",,,,,,,,,,"1365 avaliações visíveis no Compras Paraguai, aprovação visual de 88%.","Importado automaticamente do Compras Paraguai em 2026-06-28. Revisar contato, política comercial e consistência editorial antes de publicar.",FALSE,FALSE,FALSE,draft,2026-06-28T22:04:40.167Z
stores,store-pontocom,Pontocom,pontocom,perfumes,"moda,gastronomia","Loja de Perfumes, Beleza e Bolsas listada no Compras Paraguai, com ficha automatizada para revisão editorial do Frontier Atlas.","A Ponto Com Super Store inaugurou sua primeira loja em 2002 na galeria Lai Lai, em Ciudad del Este – Paraguai, voltada para o mercado de Games. Com o passar dos anos, a empresa tornou-se referência neste segmento e ampliou significativamente sua gama de produtos.",Ciudad del Este,Paraguai,Av. Adrián Jara - Ciudad del Este,-25.511091,-54.608225,"https://maps.google.com/?q=-25.511091,-54.608225",https://www.instagram.com/pontocom.smokeshop/,https://www.facebook.com/pontocompy,http://www.pontocom.com/lista-de-precos,595994510072,+59561515125,De Segunda a Sexta das 07:00 - 16:00,,to_verify,to_verify,to_verify,to_verify,to_verify,"A Ponto Com compromete-se a solucionar quaisquer divergências, trocas e devoluções dentro do prazo de garantia do produto, desde que sejam seguidos os procedimentos descritos a seguir:1. Confira sua mercadoria ao receber, pois não serão autorizadas trocas de mercadorias com danos físicos.2. A troca será feita somente após a mercadoria passar pela análise da supervisão técnica.3. Ocorrerá a troca somente no caso em que os produtos com garantia apresentarem defeitos de fábrica irreparáveis. Pode ser substituída por um produto do mesmo modelo, ou modelo de valor semelhante ou de crédito para adquirir novos produtos.4. É obrigatório a apresentação da nota fiscal de compra para garantia.5. Devem ser trazidos todos os acessórios que acompanham o produto na hora da compra, como por exemplo: caixa, cabos, cd de instalação, entre outros.6. As devoluções só poderão ser feitas no prazo de 07 (sete) dias úteis, a partir da data de compra, exceto produtos que constam apenas com serviço de Assistência Técnica, na Tabela de Garantias.7. Mercadorias não retiradas da assistência técnica em até 3 meses serão descartadas.As garantias não se aplicam a defeitos provenientes de:• Instalação indevida ou inadequada por parte do Cliente.Ao adquirir um produto com a qualidade e garantia da Ponto Com, leia o Manual de instalação e busque informações sobre a compatibilidade e instalação.• Software, interfaces ou suprimentos fornecidos pelo Cliente ou por terceiros.Utilize sempre os softwares autorizados de instalação fornecidos pelo fabricante, assim você terá sempre a certeza de estar utilizando produtos de qualidade.• Uso ou operação inadequada e fora das especificações do produto.Fique atento quanto ao direcionamento do produto adquirido. Utilizações não apropriadas e que danifiquem o mesmo não serão consideradas dentro da garantia.• Abuso, negligência, acidente, perda ou dano em trânsito.Tenha cuidado com o transporte de seus equipamentos, acomode-os devidamente conforme as especificações do fabricante. Danos físicos e arranhões ocasionarão na perda de sua garantia.• Modificações não autorizadas.Para efeito de garantia o produto deve ter o mesmo aspecto e configurações apresentados no momento da compra.• Manutenção ou consertos não autorizados.Os equipamentos não poderão apresentar tentativas de conserto ou danos físicos. Não autorize que seja realizado consertos em seu equipamento ou a retirada de lacres e etiquetas durante a garantia. Qualquer violação, rasura ou inscrição nos lacres de garantia, número de série e/ou fábrica implicarão na perda de sua garantia. Em caso de dúvida, procure a Ponto Com para avaliar seu produto. | http://www.pontocom.com/garantia","Alimentos,Suplemento Alimentar,Brinquedos,Bicicleta,Tabacaria,Cosmético,Perfume,Maquiagem",,"compras-paraguai,moda,gastronomia",,,,,,,,,,"913 avaliações visíveis no Compras Paraguai, aprovação visual de 88%.","Importado automaticamente do Compras Paraguai em 2026-06-28. Revisar contato, política comercial e consistência editorial antes de publicar.",FALSE,FALSE,FALSE,draft,2026-06-28T22:04:40.167Z
stores,store-topdek-informatica,Topdek Informática,topdek-informatica,tecnologia,,"Loja de Informática listada no Compras Paraguai, com ficha automatizada para revisão editorial do Frontier Atlas.","HÁ 30 ANOS NO MERCADO A TOPDEK INFORMÁTICA VEM TRAZENDO QUALIDADE E SATISFAÇÃO A SEUS CLIENTES, VISANDO O FUTURO A EMPRESA TRAZ PRODUTOS QUE SE DESTACAM NO MERCADO, LANÇAMENTOS E SEMPRE O QUE HÁ DE MAIS MODERNO E SOFISTICADO NO MUNDO DA TECNOLOGIA.PRODUTOS 100% ORIGINAIS E DE ALTA QUALIDADE. ASSIM A TOPDEK PASSA A SER REFERÊNCIA EM TECNOLOGIA E INFORMÁTICA EM CIUDAD DEL ESTE NO PARAGUAI.",Ciudad del Este,Paraguai,Shopping Lai Lai Center - 1° andar - loja Salas 115 e 116 - Ciudad del Este,-25.51082,-54.609208,"https://maps.google.com/?q=-25.51082,-54.609208",https://www.instagram.com/topdekinformaticapy/?hl=pt-br,https://www.facebook.com/Topdek-informatica-535286066574871/,https://topdekinformatica.com.br/lista-txt,554599788061,+59561502139,De Segunda a Sexta das 06:30 - 15:30 | Sábado das 06:30 - 14:30,Cartão,to_verify,to_verify,to_verify,to_verify,to_verify,http://www.topdek.com.br/lib.data/utilidades/uploadsdownloads/TABELA-DE-GARANTIA2.pdf,"Eletrônicos,TV,Informática",,"compras-paraguai,bebedouro,possui-internet-no-local,aceita-cartao",,,,,,,,,,"181 avaliações visíveis no Compras Paraguai, aprovação visual de 88%.","Importado automaticamente do Compras Paraguai em 2026-06-28. Revisar contato, política comercial e consistência editorial antes de publicar.",FALSE,FALSE,FALSE,draft,2026-06-28T22:04:40.167Z
stores,store-agatres,Agatres,agatres,tecnologia,,"Loja de Eletrônicos listada no Compras Paraguai, com ficha automatizada para revisão editorial do Frontier Atlas.","Agatres aparece no Compras Paraguai com categorias, contatos e dados operacionais que ainda devem passar por curadoria do Frontier Atlas.",Ciudad del Este,Paraguai,Shopping Cataratas - 4° andar - loja Sala 402 - Ciudad del Este,-25.511459,-54.608815,"https://maps.google.com/?q=-25.511459,-54.608815",https://www.instagram.com/agatres.oficial,,https://agatres.co/,595993261500,+59561500623,,,to_verify,to_verify,to_verify,to_verify,to_verify,,,,compras-paraguai,,,,,,,,,,"18 avaliações visíveis no Compras Paraguai, aprovação visual de 94%.","Importado automaticamente do Compras Paraguai em 2026-06-28. Revisar contato, política comercial e consistência editorial antes de publicar.",FALSE,FALSE,FALSE,draft,2026-06-28T22:04:40.167Z
stores,store-life-beach,Life Beach,life-beach,tecnologia,,"Loja de Diversos listada no Compras Paraguai, com ficha automatizada para revisão editorial do Frontier Atlas.","Life Beach aparece no Compras Paraguai com categorias, contatos e dados operacionais que ainda devem passar por curadoria do Frontier Atlas.",Ciudad del Este,Paraguai,Shopping Cataratas - Térreo - Ciudad del Este,-25.511459,-54.608815,"https://maps.google.com/?q=-25.511459,-54.608815",https://www.instagram.com/lifebeachbt?igsh=MTl0dHQ4Y3M4aDRhbQ==,https://www.facebook.com/share/AiUY8KADHGkYnMPn/?mibextid=qi2Omg,https://www.instagram.com/lifebeachbt?igsh=MTl0dHQ4Y3M4aDRhbQ==,595971968090,+595971968090,,,to_verify,to_verify,to_verify,to_verify,to_verify,,,,compras-paraguai,,,,,,,,,,"3 avaliações visíveis no Compras Paraguai, aprovação visual de 94%.","Importado automaticamente do Compras Paraguai em 2026-06-28. Revisar contato, política comercial e consistência editorial antes de publicar.",FALSE,FALSE,FALSE,draft,2026-06-28T22:04:40.167Z
stores,store-icompy,Icompy,icompy,tecnologia,games,"Loja de Informática listada no Compras Paraguai, com ficha automatizada para revisão editorial do Frontier Atlas.","Em 13 de maio de 1992, a família Wei decide por iniciar uma empresa de informática. Foi então que tudo começou.Com muita garra e persistência, os sócios não mediram esforços.Atualmente a empresa e fortemente reconhecida no mercado e contribui o desenvolvimento de Cidade do Leste. Vem trabalhando de forma a estreitar relacionamentos entre empresas do MERCOSUL.",Ciudad del Este,Paraguai,Shopping Lai Lai Center - 4° andar - Ciudad del Este,-25.510792,-54.609377,"https://maps.google.com/?q=-25.510792,-54.609377",https://www.instagram.com/icompyinformatica/,https://www.facebook.com/IcompyInformatica/,http://www.icompy.com/lista/lista.txt,595983166032,+59561504555,De Segunda a Sexta das 06:00 - 15:00 | Sábado das 06:00 - 14:30,,to_verify,to_verify,to_verify,to_verify,to_verify,"Todos os produtos para que sejam aceitos pelo RMA (Departamento de Garantia) deverão estar em total integridade física, sendo isso entendido como:

- Não podem apresentar sinais como batidas, com riscos, trilhas cortadas e falta de componentes.- Não podem estar com o prazo de garantia vencido;- Não podem estar queimados, quebrados nem manchados;- Acessórios não tem garantia, como fontes, baterias, cabos (tem que verificar e testá-los no ato da entrega).- Qualquer etiqueta no produto não devera sofrer nenhum tipo de violação.- Todos os acessórios devem acompanhar o produto, e devem atender as mesmas condições.- Não deve tentar abrir o produto para efetuar algum tipo de reparo, perdendo assim o direito da garantia.- Apresentar a nota fiscal para ter acesso à garantia.- A garantia não cobre mau uso.- Notebooks e celulares com defeitos na tela como linhas, manchas, riscos não tem garantia.- Sempre fazer teste na retirada dos produtos. | http://icompy.com/content/2-garantia","Eletrônicos,TV,Celular,Caixa de Som,Games,Informática,Computador,Rede & Wireless",,"compras-paraguai,games",,,,,,,,,,"89 avaliações visíveis no Compras Paraguai, aprovação visual de 86%.","Importado automaticamente do Compras Paraguai em 2026-06-28. Revisar contato, política comercial e consistência editorial antes de publicar.",FALSE,FALSE,FALSE,draft,2026-06-28T22:04:40.167Z
stores,store-star-games,Star Games,star-games,tecnologia,games,"Loja de Video Games listada no Compras Paraguai, com ficha automatizada para revisão editorial do Frontier Atlas.","Star Games aparece no Compras Paraguai com categorias, contatos e dados operacionais que ainda devem passar por curadoria do Frontier Atlas.",Ciudad del Este,Paraguai,Galeria Jebai Center - 3° andar - loja Sala 3264 - Ciudad del Este,-25.510734,-54.61007,"https://maps.google.com/?q=-25.510734,-54.61007",https://www.instagram.com/stargamesparaguay/,https://www.facebook.com/StarGamesPY/,http://stargamespy.com/,595994332020,0059561514783,De Segunda a Sábado das 07:00 - 16:00,Cartão,to_verify,to_verify,to_verify,to_verify,to_verify,,"Eletrônicos,Celular,Caixa de Som,Receptor,Videogame,Games,Informática",,"compras-paraguai,games,possui-internet-no-local,aceita-cartao",,,,,,,,,,"182 avaliações visíveis no Compras Paraguai, aprovação visual de 92%.","Importado automaticamente do Compras Paraguai em 2026-06-28. Revisar contato, política comercial e consistência editorial antes de publicar.",FALSE,FALSE,FALSE,draft,2026-06-28T22:04:40.167Z
stores,store-matrixcom,Matrix.com,matrixcom,tecnologia,,"Loja de Informática listada no Compras Paraguai, com ficha automatizada para revisão editorial do Frontier Atlas.","Matrix.com aparece no Compras Paraguai com categorias, contatos e dados operacionais que ainda devem passar por curadoria do Frontier Atlas.",Ciudad del Este,Paraguai,Shopping Lai Lai Center - 3° andar - Ciudad del Este,-25.510761,-54.609129,"https://maps.google.com/?q=-25.510761,-54.609129",,https://www.facebook.com/matrixshoppy/?fref=ts,http://matrix.com.py/lista_preco_html.php,595973695424,+595061511155,De Segunda a Sábado das 07:00 - 16:00,Cartão,to_verify,to_verify,to_verify,to_verify,to_verify,,,,"compras-paraguai,aceita-cartao",,,,,,,,,,"31 avaliações visíveis no Compras Paraguai, aprovação visual de 72%.","Importado automaticamente do Compras Paraguai em 2026-06-28. Revisar contato, política comercial e consistência editorial antes de publicar.",FALSE,FALSE,FALSE,draft,2026-06-28T22:04:40.167Z
stores,store-victoria-store,Victoria Store,victoria-store,tecnologia,"moda,games","Loja de Eletrônicos listada no Compras Paraguai, com ficha automatizada para revisão editorial do Frontier Atlas.","Empresa fundada no ano 2010 em Ciudad del Este Paraguay, a Victoria Impex inicia suas atividades com foco no atacado em eletronicos, acessórios, óculos e relógios.

Em 2015, a empresa passa a atuar também no canal de vendas de varejo, é a aberta a primeira loja Victoria Store no Shopping Internacional.

2018, com aproximadamente 8 anos no mercado a Victoria está sempre buscando novas marcas e produtos para melhor atender a todos seus clientes, e também continua a oferecer serviços e atendimento de forma personalizada.",Ciudad del Este,Paraguai,Shopping Internacional - 1° andar - loja Sala 07 - Ciudad del Este,-25.511297,-54.608277,"https://maps.google.com/?q=-25.511297,-54.608277",https://www.instagram.com/victoriastorepy/,https://www.facebook.com/victoriastorepy,http://www.victoriastore.com.py/listas/txt/,595994332406,+595975512746,De Segunda a Sexta das 07:00 - 16:00 | Sábado das 06:30 - 16:30,,to_verify,to_verify,to_verify,to_verify,to_verify,,"Eletrônicos,Celular,Caixa de Som,Receptor,Filmadora,Games,Rede & Wireless,Notebook",,"compras-paraguai,moda,games",,,,,,,,,,"591 avaliações visíveis no Compras Paraguai, aprovação visual de 82%.","Importado automaticamente do Compras Paraguai em 2026-06-28. Revisar contato, política comercial e consistência editorial antes de publicar.",FALSE,FALSE,FALSE,draft,2026-06-28T22:04:40.167Z
stores,store-hb-import,HB Import,hb-import,tecnologia,"games,perfumes,casa","Loja de Video Games listada no Compras Paraguai, com ficha automatizada para revisão editorial do Frontier Atlas.","Bem vindo a HB Games, seu mundo dos Games, Eletrônicos, Smartphones, Tablets e muito mais em Ciudad del Este - Paraguay.

Temos a maior variedade com o melhor preço do mercado. Todos os lançamentos você encontra aqui.

Consoles, Jogos, Controles, Hoverboards, Headsets, Volantes, Mouse, Teclados, Speakers, Carregadores Power Bank, Amiibos, Furby, capa para celulares e muito mais.

Visite-nos.",Ciudad del Este,Paraguai,Galeria Jebai Center - 2° andar - loja 3155/3157 - Ciudad del Este,-25.51064,-54.609988,"https://maps.google.com/?q=-25.51064,-54.609988",https://www.instagram.com/hbimportpy,https://www.facebook.com/hbimportpy,https://hbimport.com/comprasparaguai,595984669884,+595984669884,De Segunda a Sábado das 07:00 - 16:00,,to_verify,to_verify,to_verify,to_verify,to_verify,,"Ar Condicionado,Eletrônicos,TV,Celular,Caixa de Som,Receptor,Filmadora,Videogame",,"compras-paraguai,games,perfumes,casa",,,,,,,,,,"162 avaliações visíveis no Compras Paraguai, aprovação visual de 88%.","Importado automaticamente do Compras Paraguai em 2026-06-28. Revisar contato, política comercial e consistência editorial antes de publicar.",FALSE,FALSE,FALSE,draft,2026-06-28T22:04:40.167Z
stores,store-macedonia,Macedonia,macedonia,perfumes,"moda,tecnologia,casa,gastronomia","Loja de Departamentos listada no Compras Paraguai, com ficha automatizada para revisão editorial do Frontier Atlas.","Em 1988 Macedônia inaugurou a sua primeira loja de importados visando atender o grande fluxo de turistas que circulam pela fronteira, rapidamente a Macedônia se destacou no mercado devido à seriedade no compromisso com seus clientes, provedores e colaboradores tornando a loja cada vez mais agradável e fazendo com que todos se sintam parte dela.

Somando a qualidade de seus produtos, com preços baixos, equipe altamente treinada, infraestrutura moderna, dinamismo na inovação de espaços e produtos e sempre dispondo as novidades do comercio, a Macedônia tornou-se líder no mercado de multissessões como sinônimo de garantia e confiabilidade no Paraguai.

Sendo um grupo sólido com a característica de excelência em atendimento, mantendo sempre suas tradições e origens, a empresa tornou-se ponto de referencia de marcas internacionais que buscam impulsionar e posicionar seus produtos no mercado altamente competitivo da tríplice fronteira.

Além de lojas amplas com sessões bem definidas e uma exposição adequada valorizando a importância dos produtos no show room, a Macedônia dá completo suporte às marcas e maior comodidade aos seus clientes que contam com colaboradores experientes, treinados e especializados em cada sessão, capazes de orientar e passar todas as informações necessárias de cada produto.",Ciudad del Este,Paraguai,Shopping Del Este - loja 111 / 130 - Ciudad del Este,-25.510044,-54.605566,"https://maps.google.com/?q=-25.510044,-54.605566",https://www.instagram.com/macedonia.paraguai,https://www.facebook.com/macedoniaparaguai,https://macedonia.com.py/,595973252925,+59561510060,De Segunda a Sábado das 08:00 - 17:00,,to_verify,to_verify,to_verify,to_verify,to_verify,,"Bebidas,Brinquedos,Perfume,Maquiagem,Óculos,Relógio",,"compras-paraguai,moda,tecnologia,casa,gastronomia",,,,,,,,,,"87 avaliações visíveis no Compras Paraguai, aprovação visual de 86%.","Importado automaticamente do Compras Paraguai em 2026-06-28. Revisar contato, política comercial e consistência editorial antes de publicar.",FALSE,FALSE,FALSE,draft,2026-06-28T22:04:40.167Z
stores,store-alborada,Alborada,alborada,tecnologia,"perfumes,games","Loja de Informática listada no Compras Paraguai, com ficha automatizada para revisão editorial do Frontier Atlas.","A nossa história em atender da melhor maneira às necessidades dos clientes é feita desde 1969, quando um comerciante de origem libanesa fixou residência nessa região e se aventurou a vender produtos importados aos turistas que visitavam o Paraguai em sua loja, a Casa Alborada. Em 1997 a loja aumentou, modernizou-se e mostrou que estava pronta para conquistar novos clientes e além de manter, conseguiu elevar o prestígio dentro do mercado de Cidade do Leste, consolidando o trabalho que comecou em 1994. Era um dos melhores pontos para se comprar eletrônicos, bebidas perfumes e cosméticos dessa cidade, numa época onde sobravam opções de compra, a Casa Alborada se destacou pela eficiência e boas ofertas, fazendo juz ao legado de seu fundador.",Ciudad del Este,Paraguai,Shopping Lai Lai Center - 2° andar - loja 201 - Ciudad del Este,-25.510815,-54.609097,"https://maps.google.com/?q=-25.510815,-54.609097",https://www.instagram.com/alboradapy/,https://www.facebook.com/alborada.paraguai,http://www.alboradainfo.com/,59561501786,4540539869,De Segunda a Sábado das 07:00 - 16:00,,to_verify,to_verify,TRUE,to_verify,to_verify,"Para que sejam aceitos pelo departamento de garantia (R.M.A.), todos os produtos listados com garantia deverão estar em total integridade física, sendo isso entendido como:

A garantia deverá ser acionada na Assistência Tecnica R.M.A., entre o 4º e 5º piso do Shopping Lai Lai, onde será feita uma avaliação de 2 horas, para validar a garantia do produto ou orçamento. A garantia do produto não será coberta de outra forma. Discos Rígidos (HDs) com defeito que retornem para troca, serão substituídos por HDs recondicionados de fábrica de mesma capacidade e marca. NÃO podem apresentar sinais como batidas, riscos, trilhas cortadas e falta de componentes. NÃO podem estar queimados, quebrados e manchados. Acessórios não tem garantia, tais como fontes , baterias , cabos ( é necessário verificar e testá-los no ato da entrega ). Qualquer etiqueta presente no corpo do produto não deverá sofrer nenhum tipo de violação. O cliente não deve tentar abrir o produto para efetuar algum tipo de reparo, perdendo assim o direito da garantia. Todos os acessórios devem acompanhar os produtos, e devem atender às mesmas condições. O código de barras gravado nos produtos deve estar em perfeito estado, não apresentando nenhum tipo de rasura. Apresentação de nota fiscal para ter acesso a garantia . A Garantia NÃO cobre mau uso. Para troca de Fones, apenas se for defeito de fabrica e tiver disponibilidade do mesmo no fornecedor. Notebook com defeitos na tela como linhas, manchas, riscos NÃO tem garantia. Celulares com defeitos na tela como linhas, manchas, riscos NÃO tem garantia. Fazer o teste na retirada. | http://www.alboradainfo.com/home/garantia.php","Celular,Receptor,Games,Informática,Fonte,Memória RAM,Placa de Video,Placa Mãe",,"compras-paraguai,perfumes,games,bebedouro,banheiro,possui-internet-no-local",,,,,,,,,,"159 avaliações visíveis no Compras Paraguai, aprovação visual de 94%.","Importado automaticamente do Compras Paraguai em 2026-06-28. Revisar contato, política comercial e consistência editorial antes de publicar.",FALSE,FALSE,FALSE,draft,2026-06-28T22:04:40.167Z
stores,store-computech,Computech,computech,tecnologia,"games,casa","Loja de Eletrônicos listada no Compras Paraguai, com ficha automatizada para revisão editorial do Frontier Atlas.","A COMPUTECH esta no mercado de venda de eletrônicos desde 2017. Localizada em Ciudad del Este Paraguai, centro comercial da América Latina, a COMPUTECH destaca-se por trabalhar com uma equipe altamente qualificada e com as maiores marcas do mercado Mundial.Contamos com uma equipe de mais de 40 profissionais dos mais para auxiliar nossos clientes em suas escolhas e suas compras.A nossa Loja é destinada para pessoas como você que sempre está em busca do novo com os melhores preços. A prestação dos melhores serviços aos nossos clientes é o que nos move.",Ciudad del Este,Paraguai,Shopping Vendome - 2° andar - loja Sala 230 - Ciudad del Este,-25.510963,-54.609178,"https://maps.google.com/?q=-25.510963,-54.609178",https://www.instagram.com/computechpyoficial/,https://www.facebook.com/ComputechPy/,http://www.computech.com.py/lista-de-produtos.txt,595973700800,+59561509339,De Segunda a Sexta das 07:30 - 16:00 | Sábado das 07:00 - 14:00,,to_verify,to_verify,to_verify,to_verify,to_verify,"Todos os produtos para que sejam aceitos pelo RMA (Departamento de Garantia) deverão estar em total integridade física, sendo isso entendido como:

- Não podem apresentar sinais como batidas, com riscos, trilhas cortadas e falta de componentes.- Não podem estar com o prazo de garantia vencido;- Não podem estar queimados, quebrados nem manchados;- Acessórios não tem garantia, como fontes, baterias, cabos (tem que verificar e testá-los no ato da entrega).- Qualquer etiqueta no produto não devera sofrer nenhum tipo de violação.- Todos os acessórios devem acompanhar o produto, e devem atender as mesmas condições.- Não deve tentar abrir o produto para efetuar algum tipo de reparo, perdendo assim o direito da garantia.- Apresentar a nota fiscal para ter acesso à garantia.- A garantia não cobre mau uso.- Notebooks e celulares com defeitos na tela como linhas, manchas, riscos não tem garantia.- Sempre fazer teste na retirada dos produtos. | http://www.computech.com.py/garantia","Ar Condicionado,Eletrônicos,TV,Celular,Caixa de Som,Videogame,Games,Informática",,"compras-paraguai,games,casa",,,,,,,,,,"101 avaliações visíveis no Compras Paraguai, aprovação visual de 90%.","Importado automaticamente do Compras Paraguai em 2026-06-28. Revisar contato, política comercial e consistência editorial antes de publicar.",FALSE,FALSE,FALSE,draft,2026-06-28T22:04:40.167Z
stores,store-pionner-shop,Pionner Shop,pionner-shop,tecnologia,"casa,automotivo,gastronomia,perfumes,estacionamento","Loja de Departamentos listada no Compras Paraguai, com ficha automatizada para revisão editorial do Frontier Atlas.","Pionner Shop aparece no Compras Paraguai com categorias, contatos e dados operacionais que ainda devem passar por curadoria do Frontier Atlas.",Ciudad del Este,Paraguai,Shopping Vendome - 3° andar - Ciudad del Este,-25.510893,-54.609365,"https://maps.google.com/?q=-25.510893,-54.609365",https://www.instagram.com/pionnershop.py?igsh=MTB2cnQ4NGVpYmF3aQ==,,https://www.pionnershop.com/,595983482428,,,Cartão,Compras Paraguai indica disponibilidade de estacionamento; validar detalhes no local.,to_verify,TRUE,to_verify,to_verify,,"Som e Video Automotivo,Central Multimídia,Ar Condicionado,Eletrônicos,GPS,TV,Celular,Caixa de Som",,"compras-paraguai,casa,automotivo,gastronomia,perfumes,estacionamento,restaurante,bebedouro,banheiro,possui-internet-no-local,aceita-cartao",,,,,,,,,,"669 avaliações visíveis no Compras Paraguai, aprovação visual de 88%.","Importado automaticamente do Compras Paraguai em 2026-06-28. Revisar contato, política comercial e consistência editorial antes de publicar.",FALSE,FALSE,FALSE,draft,2026-06-28T22:04:40.167Z
stores,store-atacado-collections,Atacado Collections,atacado-collections,tecnologia,,"Loja de Colecionáveis listada no Compras Paraguai, com ficha automatizada para revisão editorial do Frontier Atlas.","Redescubra seu conceito sobre Geek Store conhecendo a Atacado Collections, uma loja moderna pensada em ser a morada dos nerds e geeks que a visitam. Especializada na venda de colecionáveis de todos as categorias, temos: Estatuetas, Action Figures, Miniaturas de Carros, Motos e Aviões, e mais.Com toda essa vasta diversidade em produtos colecionáveis nos tornamos a maior loja de colecionáveis da América Latina contendo o maior estoque de Funko do Continente!Venha nos conhecer, não perca essa experiência!

#Funko #Bandai #Caterpillar #Lego #SunStar #Tomy #Mattel",Ciudad del Este,Paraguai,Av. Luis Maria Argaña - Ciudad del Este,-25.51302,-54.607065,"https://maps.google.com/?q=-25.51302,-54.607065",https://www.instagram.com/atacadocollections/,https://www.facebook.com/AtacadoCollections/,https://www.atacadocollections.com/lista-html,595993378642,+5545988152548,De Segunda a Sexta das 07:00 - 16:00 | Sábado das 06:30 - 15:30,Cartão,to_verify,to_verify,TRUE,TRUE,to_verify,Não possui garantina.,Brinquedos,,"compras-paraguai,bebedouro,banheiro,area-de-lazer,possui-internet-no-local,aceita-cartao,cafe",,,,,,,,,,"4551 avaliações visíveis no Compras Paraguai, aprovação visual de 100%.","Importado automaticamente do Compras Paraguai em 2026-06-28. Revisar contato, política comercial e consistência editorial antes de publicar.",FALSE,FALSE,FALSE,draft,2026-06-28T22:04:40.167Z
stores,store-medical-center,Medical Center,medical-center,tecnologia,,"Loja de Instrumentos Médicos listada no Compras Paraguai, com ficha automatizada para revisão editorial do Frontier Atlas.","Medical Center aparece no Compras Paraguai com categorias, contatos e dados operacionais que ainda devem passar por curadoria do Frontier Atlas.",Ciudad del Este,Paraguai,Galeria Uniamérica - loja 30 - Ciudad del Este,-25.510238,-54.609186,"https://maps.google.com/?q=-25.510238,-54.609186",https://www.instagram.com/medical_centerinstrumentos/,https://www.facebook.com/medicalcenterinstrumentospy/,http://www.medicalcenterpy.com/,,+59561504845,De Segunda a Domingo das 07:30 - 20:00 Ver mais filiais,,to_verify,to_verify,to_verify,to_verify,to_verify,,Saúde,,compras-paraguai,,,,,,,,,,"21 avaliações visíveis no Compras Paraguai, aprovação visual de 88%.","Importado automaticamente do Compras Paraguai em 2026-06-28. Revisar contato, política comercial e consistência editorial antes de publicar.",FALSE,FALSE,FALSE,draft,2026-06-28T22:04:40.167Z
stores,store-flash-importados,Flash Importados,flash-importados,perfumes,gastronomia,"Loja de Alimentos e Bebidas listada no Compras Paraguai, com ficha automatizada para revisão editorial do Frontier Atlas.","Uma empresa familiar, iniciada no ano de 1987, especializada em guloseimas, alimentos variados , bebidas e cosméticos . Atualmente conta com 3 lojas para melhor atender seus clientes em CDE. A loja matriz, pioneira, no Lailai, a loja Flash cosméticos, também no Lailai e a filial no shopping HWU.Sempre oferecendo a maior variedade de produtos e a melhor qualidade para todos.",Ciudad del Este,Paraguai,Shopping Lai Lai Center - 2° andar - loja 209 e 210 - Ciudad del Este,-25.510742,-54.609201,"https://maps.google.com/?q=-25.510742,-54.609201",instagram.com/flashimportadospy,facebook.com/flashimportadfospy,https://www.flashimportados.com/,595994364670,+59561514467,De Segunda a Sexta das 07:00 - 15:30 | Sábado das 06:30 - 15:00,Cartão,to_verify,to_verify,TRUE,to_verify,to_verify,,"Alimentos,Bebidas,Cosmético,Maquiagem",,"compras-paraguai,gastronomia,banheiro,possui-internet-no-local,aceita-cartao,cafe",,,,,,,,,,"213 avaliações visíveis no Compras Paraguai, aprovação visual de 94%.","Importado automaticamente do Compras Paraguai em 2026-06-28. Revisar contato, política comercial e consistência editorial antes de publicar.",FALSE,FALSE,FALSE,draft,2026-06-28T22:04:40.167Z
stores,store-jack-center,Jack Center,jack-center,gastronomia,,"Loja de Farmácia e Suplementos listada no Compras Paraguai, com ficha automatizada para revisão editorial do Frontier Atlas.","Jack Center aparece no Compras Paraguai com categorias, contatos e dados operacionais que ainda devem passar por curadoria do Frontier Atlas.",Ciudad del Este,Paraguai,Shopping Vendome - 4° andar - loja Sala 423 - Ciudad del Este,-25.511372,-54.609413,"https://maps.google.com/?q=-25.511372,-54.609413",https://www.instagram.com/jackcentersuplements/,https://www.facebook.com/jackcentersupplements/,https://farmaciajackcenter.com.py/,595994622382,+5954534567689,De Segunda a Sábado das 08:00 - 16:30,Cartão,to_verify,to_verify,to_verify,to_verify,to_verify,,"Alimentos,Suplemento Alimentar",,"compras-paraguai,bebedouro,possui-internet-no-local,aceita-cartao",,,,,,,,,,"39 avaliações visíveis no Compras Paraguai, aprovação visual de 78%.","Importado automaticamente do Compras Paraguai em 2026-06-28. Revisar contato, política comercial e consistência editorial antes de publicar.",FALSE,FALSE,FALSE,draft,2026-06-28T22:04:40.167Z
stores,store-wb-shop,WB Shop,wb-shop,tecnologia,,"Loja de Eletrônicos listada no Compras Paraguai, com ficha automatizada para revisão editorial do Frontier Atlas.","WB Shop aparece no Compras Paraguai com categorias, contatos e dados operacionais que ainda devem passar por curadoria do Frontier Atlas.",Ciudad del Este,Paraguai,Galeria Brasil Center - 2° andar - Ciudad del Este,-25.508936855291857,-54.61088677633658,"https://maps.google.com/?q=-25.508936855291857,-54.61088677633658",https://www.instagram.com/wbshopimportados?igsh=MWl6YzE2czBvdWR2Ng%3D%3D&utm_source=qr,,https://wbshop.com.py/,595973558099,+595973558099,De Segunda a Sábado das 07:00 - 16:00,,to_verify,to_verify,to_verify,to_verify,to_verify,,,,compras-paraguai,,,,,,,,,,"11 avaliações visíveis no Compras Paraguai, aprovação visual de 100%.","Importado automaticamente do Compras Paraguai em 2026-06-28. Revisar contato, política comercial e consistência editorial antes de publicar.",FALSE,FALSE,FALSE,draft,2026-06-28T22:04:40.167Z
stores,store-mario-cell,Mario Cell,mario-cell,tecnologia,,"Loja de Eletrônicos listada no Compras Paraguai, com ficha automatizada para revisão editorial do Frontier Atlas.","Foi fundada em fevereiro de 1995.

Nós somos um importador e distribuidor de baterias, aparelhos e acessórios de todos os tipos de celuares.

Confiabilidade: Entregar o que prometemos em termos de produtos, serviços e atendimento aos nossos clientes e parceiros;

Inovação: Busca contínua pela inovação e a melhoria contínua de nossos produtos;

Espírito de equipe: Funcionários, fornecedores e distribuidores, um time focado em resultados;

Desempenho: Produtos e serviços que trazem qualidade aos nossos clientes e parceiros.",Ciudad del Este,Paraguai,Galeria Jebai Center - Térreo - loja Loja 2019 - Ciudad del Este,-25.510803,-54.609978,"https://maps.google.com/?q=-25.510803,-54.609978",https://www.instagram.com/mariocell_mce/?hl=es-la,https://www.facebook.com/people/Mario-Cel/100064977376339,https://www.mariocell.com/,595992530667,,,Cartão,to_verify,to_verify,to_verify,to_verify,to_verify,,,,"compras-paraguai,aceita-cartao",,,,,,,,,,"17 avaliações visíveis no Compras Paraguai, aprovação visual de 96%.","Importado automaticamente do Compras Paraguai em 2026-06-28. Revisar contato, política comercial e consistência editorial antes de publicar.",FALSE,FALSE,FALSE,draft,2026-06-28T22:04:40.167Z
stores,store-mundo-do-celular,Mundo do Celular,mundo-do-celular,tecnologia,,"Loja de Celulares listada no Compras Paraguai, com ficha automatizada para revisão editorial do Frontier Atlas.","A loja Mundo do Celular é uma das principais revendas e importadoras de celulares em Ciudad del Leste no Paraguai. Inovando em sua forma de vender e atender ao cliente, o Mundo do Celular vem crescendo e alcançado bons resultados em toda América Latina.",Ciudad del Este,Paraguai,Galeria Jebai Center - 3° andar - Ciudad del Este,-25.510511,-54.610007,"https://maps.google.com/?q=-25.510511,-54.610007",https://www.instagram.com/mundodocelularpay/,https://www.facebook.com/pages/Mundo-do-Celular/199820686805870,http://www.mundodocelular.com/,595994329275,+595984130909,De Segunda a Sábado das 07:00 - 16:30,,to_verify,to_verify,to_verify,to_verify,to_verify,,"Celular,Caixa de Som,Fotografia,Fonte,Fone de Ouvido / Headset,Tablet,Eletrônicos de Uso Pessoal",,compras-paraguai,,,,,,,,,,"403 avaliações visíveis no Compras Paraguai, aprovação visual de 78%.","Importado automaticamente do Compras Paraguai em 2026-06-28. Revisar contato, política comercial e consistência editorial antes de publicar.",FALSE,FALSE,FALSE,draft,2026-06-28T22:04:40.167Z
stores,store-imperio-pneus,Império Pneus,imperio-pneus,estacionamento,,"Loja de Pneus listada no Compras Paraguai, com ficha automatizada para revisão editorial do Frontier Atlas.","A Imperio Pneus é a escolha ideal para quem busca pneus importados e nacionais com os melhores preços do mercado. Como importadores e distribuidores, garantimos valores mais acessíveis e uma grande variedade de marcas e modelos para atender todas as necessidades, desde veículos de passeio até SUVs, caminhonetes e utilitários.

Nosso compromisso é oferecer um atendimento rápido e eficiente, permitindo que você troque seus pneus com agilidade e segurança. Enquanto isso, contamos com uma estrutura confortável para que você aguarde seu veículo pronto para a estrada sem preocupações.

Além disso, oferecemos serviços como montagem gratuita, alinhamento, balanceamento, troca de bico e remendos, garantindo que seu carro saia da nossa loja pronto para rodar com total segurança e desempenho.

Se você está vindo a Ciudad del Este, aproveite para economizar e garantir pneus de alta qualidade na Imperio Pneus. Acesse nosso site imperiopneus.com, entre em contato e agende seu pedido antes mesmo de chegar!",Ciudad del Este,Paraguai,Rua Camilo Recalde 7000 - Ciudad del Este,-25.50826261420778,-54.611352643104745,"https://maps.google.com/?q=-25.50826261420778,-54.611352643104745",https://www.instagram.com/imperiopneuspy/,,https://imperiopneus.com/,554598396933,,De Segunda a Sábado das 07:00 - 17:00 | Domingo das 08:00 - 12:00,Cartão,Compras Paraguai indica disponibilidade de estacionamento; validar detalhes no local.,to_verify,TRUE,to_verify,to_verify,,,,"compras-paraguai,estacionamento,bebedouro,banheiro,area-de-lazer,possui-internet-no-local,aceita-cartao",,,,,,,,,,"357 avaliações visíveis no Compras Paraguai, aprovação visual de 92%.","Importado automaticamente do Compras Paraguai em 2026-06-28. Revisar contato, política comercial e consistência editorial antes de publicar.",FALSE,FALSE,FALSE,draft,2026-06-28T22:04:40.167Z
stores,store-magnum-comunicacao,Magnum Comunicação,magnum-comunicacao,tecnologia,,"Loja de Comunicação e Segurança listada no Compras Paraguai, com ficha automatizada para revisão editorial do Frontier Atlas.","Desde 2008 no mercado paraguaio, a Magnum Comunição é especializada em produtos para comunicação em geral como, radio amadores, px, ht, naúticos, áereos e acessórios.

Ao passar dos anos sentindo a necessidade de nossos clientes expandimos nossa gama de produtos, que hoje são muito mais variados e vão desde cftv, cameras e dvr, até mesmo componentes de informática entre outros.",Ciudad del Este,Paraguai,Shopping Internacional - 1° andar - loja sala 18 - Ciudad del Este,-25.511525,-54.608404,"https://maps.google.com/?q=-25.511525,-54.608404",,https://www.facebook.com/Magnum-Comunica%C3%A7%C3%A3o-447727059300352/,http://www.magnumcomunicacao.com.py/,595992909387,+5504135421298,,,to_verify,to_verify,to_verify,to_verify,to_verify,,Vigilância e Segurança,,compras-paraguai,,,,,,,,,,"23 avaliações visíveis no Compras Paraguai, aprovação visual de 98%.","Importado automaticamente do Compras Paraguai em 2026-06-28. Revisar contato, política comercial e consistência editorial antes de publicar.",FALSE,FALSE,FALSE,draft,2026-06-28T22:04:40.167Z
stores,store-aroma-store-sa,Aroma Store S.A,aroma-store-sa,perfumes,,"Loja de Perfumes, Beleza e Bolsas listada no Compras Paraguai, com ficha automatizada para revisão editorial do Frontier Atlas.","A Aroma Store é especializada na área de beleza, obtendo as melhores marcas de cosméticos e perfumaria. Vale a pena visitar!",Ciudad del Este,Paraguai,Galeria Jebai Center - 1° andar - loja Sala 3060 - Ciudad del Este,-25.510121,-54.609901,"https://maps.google.com/?q=-25.510121,-54.609901",https://www.instagram.com/aromastorepy/,https://www.facebook.com/AromaStoreSA/,http://www.aromastore.com.br/listas/txt,595985506010,+595973542139,De Segunda a Sábado das 07:30 - 16:00,Cartão,to_verify,to_verify,to_verify,to_verify,to_verify,,"Cosmético,Maquiagem",,"compras-paraguai,aceita-cartao",,,,,,,,,,"137 avaliações visíveis no Compras Paraguai, aprovação visual de 92%.","Importado automaticamente do Compras Paraguai em 2026-06-28. Revisar contato, política comercial e consistência editorial antes de publicar.",FALSE,FALSE,FALSE,draft,2026-06-28T22:04:40.167Z
stores,store-casa-angela,Casa Angela,casa-angela,moda,,"Loja de Roupas, Jóias e Bijuterias listada no Compras Paraguai, com ficha automatizada para revisão editorial do Frontier Atlas.","A Casa Angela é especializada na área roupas, tênis e acessórios esportivos, trabalhando sempre com as melhores marcas do mercado. Vale a pena visistar!",Ciudad del Este,Paraguai,Galeria Jebai Center - 3° andar - loja Sala 3230 - Ciudad del Este,-25.509991,-54.609457,"https://maps.google.com/?q=-25.509991,-54.609457",https://www.instagram.com/explore/locations/1309760995714813/casa-angela-paris/,https://www.facebook.com/casaangela/,https://www.casaangela.com.py/,595994980901,+595994980901,De Segunda a Sábado das 07:30 - 16:00,Cartão,to_verify,to_verify,to_verify,to_verify,to_verify,,,,"compras-paraguai,aceita-cartao",,,,,,,,,,"50 avaliações visíveis no Compras Paraguai, aprovação visual de 72%.","Importado automaticamente do Compras Paraguai em 2026-06-28. Revisar contato, política comercial e consistência editorial antes de publicar.",FALSE,FALSE,FALSE,draft,2026-06-28T22:04:40.167Z
stores,store-dac-pneus,DAC Pneus,dac-pneus,estacionamento,,"Loja de Pneus listada no Compras Paraguai, com ficha automatizada para revisão editorial do Frontier Atlas.","Somos uma empresa especialista em venda de pneus, com experiência na área há mais de 35 anos, estamos localizados em Ciudad del Este, 2 lojas e uma filial em Fernando de la Mora próximo a Asunción. DAC NEUMATICOS esta preparada para atender todas e quaisquer necessidades dos nossos clientes, somo representantes oficial da CONTINENTAL, além de uma alta gama de pneus chineses. Desde 1986 trabalhamos com um único objetivo, a satisfação dos nossos clientes.",Ciudad del Este,Paraguai,Rua Camilo Recalde com Concejal Aniceto Ruiz - Ciudad del Este,-25.508329,-54.611032,"https://maps.google.com/?q=-25.508329,-54.611032",https://www.instagram.com/dannaautocenter/?hl=pt-br,https://www.facebook.com/DannaAutoCenter/?ref=br_rs,https://www.dannaautocenter.com/,595974527122,,De Segunda a Sábado das 07:00 - 16:00,Cartão,Compras Paraguai indica disponibilidade de estacionamento; validar detalhes no local.,to_verify,TRUE,to_verify,to_verify,Garantia em todos os produtos,Pneu,,"compras-paraguai,estacionamento,bebedouro,banheiro,area-de-lazer,possui-internet-no-local,aceita-cartao",,,,,,,,,,"177 avaliações visíveis no Compras Paraguai, aprovação visual de 90%.","Importado automaticamente do Compras Paraguai em 2026-06-28. Revisar contato, política comercial e consistência editorial antes de publicar.",FALSE,FALSE,FALSE,draft,2026-06-28T22:04:40.167Z
stores,store-gs-mall,GS Mall,gs-mall,tecnologia,moda,"Loja de Eletrônicos listada no Compras Paraguai, com ficha automatizada para revisão editorial do Frontier Atlas.","GS Mall aparece no Compras Paraguai com categorias, contatos e dados operacionais que ainda devem passar por curadoria do Frontier Atlas.",Ciudad del Este,Paraguai,Shopping Box Outlet - 1° andar - loja Sala 067/068 - Ciudad del Este,-25.509959,-54.606558,"https://maps.google.com/?q=-25.509959,-54.606558",,,https://gsmallpy.com/,595993573199,+595993644010,,,to_verify,to_verify,to_verify,to_verify,to_verify,,"GPS,Relógio",,"compras-paraguai,moda",,,,,,,,,,"12 avaliações visíveis no Compras Paraguai, aprovação visual de 96%.","Importado automaticamente do Compras Paraguai em 2026-06-28. Revisar contato, política comercial e consistência editorial antes de publicar.",FALSE,FALSE,FALSE,draft,2026-06-28T22:04:40.167Z
stores,store-rio-parana-importadora,Rio Parana Importadora,rio-parana-importadora,tecnologia,"casa,moda","Loja de Eletrônicos listada no Compras Paraguai, com ficha automatizada para revisão editorial do Frontier Atlas.","A rio paraná importadora é uma loja especializada em ar condicionado, com uma história de 30 anos somos representante oficial das marcas tlc e gree no Paraguai, distribuímos as melhores marcas no atacado e no varejo. Sempre atentos aos lançamentos para disponibilizar os melhores produtos aos nossos clientes.",Ciudad del Este,Paraguai,Rua Regimento Piribebuy - Ciudad del Este,-25.510006,-54.609468,"https://maps.google.com/?q=-25.510006,-54.609468",,https://www.facebook.com/rioparanaimportadora,http://www.atacadorioparana.com.br/listas/txt,595973211111,+595973211111,,,to_verify,to_verify,to_verify,to_verify,to_verify,,"Ar Condicionado,Eletrodomésticos,TV,Celular,Caixa de Som,Tablet,Relógio",,"compras-paraguai,casa,moda",,,,,,,,,,"55 avaliações visíveis no Compras Paraguai, aprovação visual de 98%.","Importado automaticamente do Compras Paraguai em 2026-06-28. Revisar contato, política comercial e consistência editorial antes de publicar.",FALSE,FALSE,FALSE,draft,2026-06-28T22:04:40.167Z
stores,store-mundo-aquatico,Mundo Aquático,mundo-aquatico,tecnologia,,"Loja de Pesca e Náutica listada no Compras Paraguai, com ficha automatizada para revisão editorial do Frontier Atlas.","Fundada em 1994 em Ciudad Del Este, Paraguai, o Mundo Aquático resolveu inovar. Agora situa-se em um novo local, um ambiente amplo e exclusivamente desenvolvido de aquarista para aquarista, oferencendo para o cliente uma equipe de profissionais especializados e equipamentos exclusivos com importação própria, logo os melhores preços. Uma grande variedade em produtos para todos os tipos de aquários sendo eles de água doce ou marinha ou aquário plantado. Temos preços especiais para lojistas. A harmonia das cores, o movimento e as formas únicas são motivos pelo qual este hobby se destaca em ser o mais belo e conhecido do mundo. Venha conhecer e usufruir desse incrível espaço.",Ciudad del Este,Paraguai,Galeria Antonio - Térreo - Ciudad del Este,-25.510516,-54.607897,"https://maps.google.com/?q=-25.510516,-54.607897",,https://www.facebook.com/mundoaquaticom,http://www.mundoaquaticopy.com.br/br,,+59561518417,De Segunda a Sábado das 07:00 - 16:00,,to_verify,to_verify,to_verify,to_verify,to_verify,,Aquarismo,,compras-paraguai,,,,,,,,,,"109 avaliações visíveis no Compras Paraguai, aprovação visual de 88%.","Importado automaticamente do Compras Paraguai em 2026-06-28. Revisar contato, política comercial e consistência editorial antes de publicar.",FALSE,FALSE,FALSE,draft,2026-06-28T22:04:40.167Z
stores,store-king-parts,King Parts,king-parts,tecnologia,,"Loja de Peças para Celular e Notebook listada no Compras Paraguai, com ficha automatizada para revisão editorial do Frontier Atlas.","Fundada em 2014, com o objetivo de providenciar acessorios para celulares e peças para assistência tecnica de celulares e console com alta qualidade a King Parts hoje é referencia no segmento.

Devido a transparencia nas negociações e a qualidade dos nossos produtos a King Parts se tornou a maior distribuidora de peças para celulares e games do Mercosul.",Ciudad del Este,Paraguai,Galeria Jebai Center - 4° andar - Ciudad del Este,-25.510649,-54.610054,"https://maps.google.com/?q=-25.510649,-54.610054",https://www.instagram.com/kingpartsoficial/,https://www.facebook.com/kingpartspy,http://www.kingparts.com/,595984698311,+59561502873,De Segunda a Sexta das 07:00 - 16:30 | Sábado das 06:00 - 15:00,,to_verify,to_verify,TRUE,to_verify,to_verify,"PRODUTOS COM 100 DIAS DE GARANTIA

- Dentro do prazo de garantia, realizamos a troca imediata do seu produto, desde que esteja de acordo com os termos de garantia.- Se não houver a mercadoria em estoque será feita a devolução do valor do produto.OBS. Só será devolvido o dinheiro ou gerado credito caso não tenha o produto em estoque.

TERMOS DE GARANTIAProduto perde a garantia quando:

- Estejam fora do prazo da garantia- Sem película protetora- Sem o nosso selo de garantia- Quebrado ou batido- Riscado ou com mau uso- Usado ou com marcas de instalação- Com flex, quebrado, rasgado ou amassado- Molhado, oxidado ou sujo- Sem nota de compras

30 DIAS DE GARANTIA DE ASSISTÊNCIA TÉCNICA-TERMOS DE GARANTIA DE ASSISTÊNCIA TÉCNICA

Prazo de garantia de 30 dias após a compra- Garantia apenas de conserto (não realizamos trocas nem devoluções)- Tempo de devoluções do produto na garantia é de 3 a 10 dias úteis

De acordo com as regras de compras e garantia, a garantia não será fornecida nos casos:- Fora do prazo de garantia- Sem nota de compra- Mau uso- Riscado, quebrado, danos por queda- Molhado- Erro em iTunes ou iCloud bloqueado- Selo violado ou ausência do mesmo",Celular,,"compras-paraguai,bebedouro,banheiro,possui-internet-no-local",,,,,,,,,,"120 avaliações visíveis no Compras Paraguai, aprovação visual de 86%.","Importado automaticamente do Compras Paraguai em 2026-06-28. Revisar contato, política comercial e consistência editorial antes de publicar.",FALSE,FALSE,FALSE,draft,2026-06-28T22:04:40.167Z
stores,store-epic-importados,Epic Importados,epic-importados,tecnologia,,"Loja de Eletrônicos listada no Compras Paraguai, com ficha automatizada para revisão editorial do Frontier Atlas.","Epic Importados aparece no Compras Paraguai com categorias, contatos e dados operacionais que ainda devem passar por curadoria do Frontier Atlas.",Ciudad del Este,Paraguai,Shopping Uniamerica - Ciudad del Este,-25.509996,-54.609089,"https://maps.google.com/?q=-25.509996,-54.609089",,,,595982335416,,,,to_verify,to_verify,to_verify,to_verify,to_verify,,,,compras-paraguai,,,,,,,,,,"227 avaliações visíveis no Compras Paraguai, aprovação visual de 100%.","Importado automaticamente do Compras Paraguai em 2026-06-28. Revisar contato, política comercial e consistência editorial antes de publicar.",FALSE,FALSE,FALSE,draft,2026-06-28T22:04:40.167Z
stores,store-genove,Genove,genove,tecnologia,,"Loja de Eletrônicos listada no Compras Paraguai, com ficha automatizada para revisão editorial do Frontier Atlas.",Distribuem e vendem produtos das mais renomadas marcas mundiais no setor de Celulares/Smartphones e Eletrônicos em geral.São referência em produtos da marca XIAOMI.,Ciudad del Este,Paraguai,Galeria Hijazi Center - Ciudad del Este,-25.511316,-54.610081,"https://maps.google.com/?q=-25.511316,-54.610081",,,https://www.genove.com.py/,595981501335,,,,to_verify,to_verify,to_verify,to_verify,to_verify,Para termos de garantia consulte o seu vendedor...,,,compras-paraguai,,,,,,,,,,"46 avaliações visíveis no Compras Paraguai, aprovação visual de 86%.","Importado automaticamente do Compras Paraguai em 2026-06-28. Revisar contato, política comercial e consistência editorial antes de publicar.",FALSE,FALSE,FALSE,draft,2026-06-28T22:04:40.167Z
stores,store-radio-nautica,Radio Nautica,radio-nautica,tecnologia,automotivo,"Loja de Comunicação e Segurança listada no Compras Paraguai, com ficha automatizada para revisão editorial do Frontier Atlas.","A Rádio Náutica esta no mercado desde Outubro de 2010 e é hoje uma das maiores e mais completas lojas do setor náutico do Paraguai. Oferecendo uma ampla variedade de produtos, a Radio Nautica mantém sintonia com o que há de melhor no mercado náuticocom parcerias expressivas com empresas nacionais e internacionais do setor. Temos uma equipe expecializada no atendimento online atraves de nosso website, telefones e midias socias,proporcionando assim maior proximidade e agilidade na comunicação com nossos clientes.",Ciudad del Este,Paraguai,Shopping Internacional - 1° andar - Ciudad del Este,-25.511315,-54.608636,"https://maps.google.com/?q=-25.511315,-54.608636",,https://www.facebook.com/radionauticapy/,http://www.radionautica.com/lista-de-precos.html,554599086842,+59561512014,De Segunda a Sábado das 07:00 - 16:00,,to_verify,to_verify,to_verify,to_verify,to_verify,,"Automotivo,Eletrônicos",,"compras-paraguai,automotivo",,,,,,,,,,"28 avaliações visíveis no Compras Paraguai, aprovação visual de 90%.","Importado automaticamente do Compras Paraguai em 2026-06-28. Revisar contato, política comercial e consistência editorial antes de publicar.",FALSE,FALSE,FALSE,draft,2026-06-28T22:04:40.167Z
stores,store-best-shop-paraguai,Best Shop Paraguai,best-shop-paraguai,tecnologia,,"Loja de Eletrônicos listada no Compras Paraguai, com ficha automatizada para revisão editorial do Frontier Atlas.","Best Shop Paraguai aparece no Compras Paraguai com categorias, contatos e dados operacionais que ainda devem passar por curadoria do Frontier Atlas.",Ciudad del Este,Paraguai,Galeria Jebai Center - 3° andar - loja 3257 - Ciudad del Este,-25.510474,-54.609885,"https://maps.google.com/?q=-25.510474,-54.609885",,https://www.facebook.com/BestShopParaguai/,http://www.bestshop.com.py/,595976878000,,,,to_verify,to_verify,to_verify,to_verify,to_verify,,,,compras-paraguai,,,,,,,,,,"115 avaliações visíveis no Compras Paraguai, aprovação visual de 86%.","Importado automaticamente do Compras Paraguai em 2026-06-28. Revisar contato, política comercial e consistência editorial antes de publicar.",FALSE,FALSE,FALSE,draft,2026-06-28T22:04:40.167Z
stores,store-infinity-sport,Infinity Sport,infinity-sport,moda,,"Loja de Roupas, Jóias e Bijuterias listada no Compras Paraguai, com ficha automatizada para revisão editorial do Frontier Atlas.","A Infinity Sport atua a 10 anos no mercado paraguaio, desde 2009 é referência em produtos esportivos, tênis, roupas e acessórios em geral. Trabalha com as melhores marcas do mercado, bom preço e qualidade no atendimento são os diferenciais.",Ciudad del Este,Paraguai,Shopping Bonita Kim - loja 20 - Ciudad del Este,-25.508671,-54.611284,"https://maps.google.com/?q=-25.508671,-54.611284",https://www.instagram.com/infinitysportali/,https://www.facebook.com/infinitysportali,https://www.infinitysport.com.py/,595973832372,+59561514219,De Segunda a Sábado das 07:00 - 16:00 | Domingo das 07:00 - 12:00,,to_verify,to_verify,to_verify,to_verify,to_verify,,Tênis e Calçados,,compras-paraguai,,,,,,,,,,"100 avaliações visíveis no Compras Paraguai, aprovação visual de 82%.","Importado automaticamente do Compras Paraguai em 2026-06-28. Revisar contato, política comercial e consistência editorial antes de publicar.",FALSE,FALSE,FALSE,draft,2026-06-28T22:04:40.167Z